{
  "$1656": {
    "Object Clipping": 0,
    "Can be jumped on": false,
    "Dies when jumped on": false,
    "Hop in/kick shell": false,
    "Disappears in cloud of smoke": false
  },
  "$1662": {
    "Sprite Clipping": 1,
    "Use shell as death frame": false,
    "Fall straight down when killed": false
  },
  "$166E": {
    "Use second graphics page": true,
    "Palette": 7,
    "Disable fireball killing": true,
    "Disable cape killing": true,
    "Disable water splash": true,
    "Don't interact with Layer 2": true
  },
  "$167A": {
    "Don't disable cliping when starkilled": true,
    "Invincible to star/cape/fire/bounce blk.": true,
    "Process when off screen": true,
    "Don't change into shell when stunned": true,
    "Can't be kicked like shell": true,
    "Process interaction with Mario every frame": true,
    "Gives power-up when eaten by yoshi": false,
    "Don't use default interaction with Mario": true
  },
  "$1686": {
    "Inedible": true,
    "Stay in Yoshi's mouth": false,
    "Weird ground behaviour": false,
    "Don't interact with other sprites": true,
    "Don't change direction if touched": true,
    "Don't turn into coin when goal passed": false,
    "Spawn a new sprite": false,
    "Don't interact with objects": true
  },
  "$190F": {
    "Make platform passable from below": false,
    "Don't erase when goal passed": false,
    "Can't be killed by sliding": true,
    "Takes 5 fireballs to kill": false,
    "Can be jumped on with upwards Y speed": false,
    "Death frame two tiles high": false,
    "Don't turn into a coin with silver POW": true,
    "Don't get stuck in walls (carryable sprites)": true
  },
  "AsmFile": "cosmic_clone.asm",
  "ActLike": 54,
  "Type": 1,
  "Extra Property Byte 1": 0,
  "Extra Property Byte 2": 0,
  "Additional Byte Count (extra bit clear)": 2,
  "Additional Byte Count (extra bit set)": 2,
  "Map16": "",
  "Displays": [
    {
      "Description": "Cosmic Clone\\nFollows Mario and tries to catch him.\\n\\nExtra Byte 1:\\nDetermines how many frames will the Cosmic Clone be behind the real Mario.\\n\\nExtra Byte 2:\\nEach bit has a different function.\\nFormat: -----ikd\\n   d = Enables Cosmic Marios to disappear upon damaging Mario.\\n   k = Instantly kills Mario instead of just hurting him.\\n   i = Disable any sort of interaction with Mario.\\n   - = Unused.\\n",
      "ExtraBit": false,
      "Tiles": [
        {
          "X offset": 0,
          "Y offset": 0,
          "map16 tile": 0
        },
        {
          "X offset": 0,
          "Y offset": -16,
          "map16 tile": 0
        }
      ],
      "X": 0,
      "Y": 0,
      "DisplayText": "",
      "UseText": false
    }
  ],
  "Collection": [
    {
      "Name": "Cosmic Clone - Hurts, disappears.",
      "ExtraBit": false,
      "Extra Property Byte 1": 32,
      "Extra Property Byte 2": 1,
      "Extra Property Byte 3": 0,
      "Extra Property Byte 4": 0
    },
    {
      "Name": "Cosmic Clone - Hurts, never disappears.",
      "ExtraBit": false,
      "Extra Property Byte 1": 32,
      "Extra Property Byte 2": 0,
      "Extra Property Byte 3": 0,
      "Extra Property Byte 4": 0
    },
    {
      "Name": "Cosmic Clone - Kills, never disappears.",
      "ExtraBit": false,
      "Extra Property Byte 1": 32,
      "Extra Property Byte 2": 2,
      "Extra Property Byte 3": 0,
      "Extra Property Byte 4": 0
    },
    {
      "Name": "Cosmic Clone - Friendly",
      "ExtraBit": false,
      "Extra Property Byte 1": 32,
      "Extra Property Byte 2": 4,
      "Extra Property Byte 3": 0,
      "Extra Property Byte 4": 0
    }
  ]
}